ind	experiment	pop
OST-02	Hiseq	13-LgIs-OST
OST-20	Hiseq	13-LgIs-OST
QNT-38	Hiseq	11-LgIs-QNT
SHM-01	Hiseq	10-LgIs-SHM
Brest-15-02	Hiseq	Brest-15
Brest-19-09	Hiseq	Brest-19
Brest-29-03	Hiseq	Brest-29
Brest-39-05	Hiseq	Brest-39
Bodo-01	Hiseq	Bodo
Bodo-04	Hiseq	Bodo
Bodo-08	Hiseq	Bodo
Holl-01	Hiseq	Holl
Holl-02	Hiseq	Holl
Ouis-02	Hiseq	Ouis
Revi-02	Hiseq	Revi
Brest-31-02	Hiseq	Brest-31
Brest-34-11	Hiseq	Brest-34
Prim-02	Hiseq	Prim
Prim-06	Hiseq	Prim
COR-04	Hiseq	COR
Her-17	Hiseq	Her
Th16-07	Hiseq	Th16
PEN-08	Hiseq	Peniche
RET-13	Hiseq	19-Retinskoye
Bizerte-19	Hiseq	Bizerte
Bizerte-23	Hiseq	Bizerte
StLau-TD-23	Hiseq	StLau-TD
JapSea-07	Hiseq	JapSea
RET-11	Hiseq	19-Retinskoye
JapSea-01	Hiseq	JapSea
QNT-03	Novaseq	11-LgIs-QNT
SHM-02	Novaseq	10-LgIs-SHM
Bodo-13	Novaseq	Bodo
Ouis-01	Novaseq	Ouis
Revi-01	Novaseq	Revi
Brest-18-10	Novaseq	Brest-18
Brest-21-06	Novaseq	Brest-21
COR-05	Novaseq	COR
PEN-01	Novaseq	Peniche
Her-19	Novaseq	Her
Th16-04	Novaseq	Th16
Mcalif-AK-08	Novaseq	AK
Mcalif-PB-41	Novaseq	PB
RET-01	Novaseq	19-Retinskoye
RET-14	Novaseq	19-Retinskoye
StLau-TD-27	Novaseq	StLau-TD
1-MySC_08	Novaseq_2	MySC
2-MySC_10	Novaseq_2	MySC
3-MySC_20	Novaseq_2	MySC
4-MySE_02	Novaseq_2	MySE
5-MySE_05	Novaseq_2	MySE
7-TRA_14	Novaseq_2	58-Trabzon
8-CrimeaC_01	Novaseq_2	CrimeaC
9-CrimeaC_03	Novaseq_2	CrimeaC
10-PlanTas_4596	Novaseq_2	PlanTas
11-PlanTas_4614	Novaseq_2	PlanTas
15-SEA_01	Novaseq_2	SEA_popphyl
16-SEA_03	Novaseq_2	SEA_popphyl
19-Gdansk_10	Novaseq_2	Gdansk
20-Gdansk_12	Novaseq_2	Gdansk
33-TRA_15	Novaseq_2	58-Trabzon
38-TVA_13	Novaseq_2	22-Tvarminne
40-TVA_17	Novaseq_2	22-Tvarminne
42-MyFal_10	Novaseq_2	MyFal
45-Gdansk_01	Novaseq_2	Gdansk
51-MyBQ_28	Novaseq_2	MyBQ
BBC1	ellis	BBC
BBC2	ellis	BBC
BBC3	ellis	BBC
BBC4	ellis	BBC
BBC5	ellis	BBC
BBC6	ellis	BBC
BBH1	ellis	BBH
BBH2	ellis	BBH
BBH3	ellis	BBH
BBH4	ellis	BBH
BBH5	ellis	BBH
BBH6	ellis	BBH
BO1	ellis	BO
BO3	ellis	BO
BO6	ellis	BO
BO7	ellis	BO
BO8	ellis	BO
BO9	ellis	BO
CAF121	ellis	CAF
CAF122	ellis	CAF
CAF123	ellis	CAF
CAF124	ellis	CAF
CAF125	ellis	CAF
CAF126	ellis	CAF
CC1	ellis	CC
CC2	ellis	CC
CC3	ellis	CC
CC4	ellis	CC
CC5	ellis	CC
CC6	ellis	CC
CH1	ellis	CH
CH2	ellis	CH
CH3	ellis	CH
CH4	ellis	CH
CH5	ellis	CH
CH6	ellis	CH
CRS91	ellis	CRS
CRS92	ellis	CRS
CRS93	ellis	CRS
CRS94	ellis	CRS
CRS95	ellis	CRS
CRS96	ellis	CRS
CSI61	ellis	CSI
CSI62	ellis	CSI
CSI63	ellis	CSI
CSI64	ellis	CSI
CSI65	ellis	CSI
CSI66	ellis	CSI
DDE2	ellis	DDE
DDE12	ellis	DDE
DDE13	ellis	DDE
DDE15	ellis	DDE
DDE20	ellis	DDE
DDE27	ellis	DDE
EX1	ellis	EX
EX2	ellis	EX
EX3	ellis	EX
EX4	ellis	EX
EX5	ellis	EX
EX6	ellis	EX
FAL25	ellis	FAL
FAL26	ellis	FAL
FAL27	ellis	FAL
FAL30	ellis	FAL
FAL31	ellis	FAL
FAL34	ellis	FAL
Fin1	ellis	Fin
Fin2	ellis	Fin
Fin3	ellis	Fin
Fin4	ellis	Fin
Fin5	ellis	Fin
Fin6	ellis	Fin
GA1	ellis	GA
GA2	ellis	GA
GA3	ellis	GA
GA4	ellis	GA
GA5	ellis	GA
GA6	ellis	GA
GK1	ellis	GK
GK2	ellis	GK
GK3	ellis	GK
GK4	ellis	GK
GK5	ellis	GK
GK6	ellis	GK
GR2	ellis	GR
GR4	ellis	GR
GR7	ellis	GR
GR10	ellis	GR
GR14	ellis	GR
GR22	ellis	GR
IC1	ellis	IC
IC2	ellis	IC
IC3	ellis	IC
IC4	ellis	IC
IC5	ellis	IC
IC6	ellis	IC
LF13	ellis	LF
LF15	ellis	LF
LF87	ellis	LF
LF89	ellis	LF
LF93	ellis	LF
LF171	ellis	LF
OA1	ellis	OA
OA2	ellis	OA
OA3	ellis	OA
OA4	ellis	OA
OA5	ellis	OA
OA6	ellis	OA
PM151	ellis	PM
PM153	ellis	PM
PM155	ellis	PM
PM161	ellis	PM
PM165	ellis	PM
PM178	ellis	PM
SBH1	ellis	SBH
SBH2	ellis	SBH
SBH3	ellis	SBH
SBH4	ellis	SBH
SBH5	ellis	SBH
SBH6	ellis	SBH
SW3	ellis	SW
SW6	ellis	SW
SW7	ellis	SW
SW12	ellis	SW
SW21	ellis	SW
SW24	ellis	SW
VG4	ellis	VG
VG12	ellis	VG
VG13	ellis	VG
VG14	ellis	VG
VG15	ellis	VG
VG16	ellis	VG
Mco_M156	SRA	Mco
Mco_N794	SRA	Mco
